review,sentimen
Harga terjangkau dengan kualitas baik.,positif
"Garansi tidak sesuai janji, sangat mengecewakan.",negatif
"Kualitasnya sangat buruk, tidak sesuai harapan.",negatif
Sangat nyaman digunakan sehari-hari.,positif
"Bau bahan sangat menyengat, tidak nyaman.",negatif
Sangat membantu dalam aktivitas sehari-hari.,positif
"Garansi tidak sesuai janji, sangat mengecewakan.",negatif
Pelayanan pelanggan sangat buruk dan tidak membantu.,negatif
"Barang tidak sesuai pesanan, sangat kecewa.",negatif
Sangat direkomendasikan! Saya akan beli lagi.,positif
"Produk cacat saat diterima, sangat mengecewakan.",negatif
"Produk cacat saat diterima, sangat mengecewakan.",negatif
Pengemasan rapi dan pengiriman cepat.,positif
"Desainnya menarik, tapi bahan kurang nyaman.",negatif
Pelayanan pelanggan sangat buruk dan tidak membantu.,negatif
"Produk cacat saat diterima, sangat mengecewakan.",negatif
Harga terjangkau dengan kualitas baik.,positif
Pelayanan pelanggan sangat buruk dan tidak membantu.,negatif
"Desainnya menarik, tapi bahan kurang nyaman.",negatif
Produk ini sangat bagus dan berkualitas!,positif
Pengemasan rapi dan pengiriman cepat.,positif
Penjual sangat responsif dan membantu.,positif
Harga terjangkau dengan kualitas baik.,positif
"Desainnya menarik, tapi bahan kurang nyaman.",negatif
Barang diterima dengan cepat dan dalam kondisi baik.,positif
"Desainnya menarik, tapi bahan kurang nyaman.",negatif
"Garansi tidak sesuai janji, sangat mengecewakan.",negatif
"Kualitasnya sangat buruk, tidak sesuai harapan.",negatif
Sangat nyaman digunakan sehari-hari.,positif
Barang diterima dengan cepat dan dalam kondisi baik.,positif
"Barang rusak saat tiba, tidak bisa dipakai.",negatif
Harga terjangkau dengan kualitas baik.,positif
"Bau bahan sangat menyengat, tidak nyaman.",negatif
"Bau bahan sangat menyengat, tidak nyaman.",negatif
Sangat direkomendasikan! Saya akan beli lagi.,positif
Sangat nyaman digunakan sehari-hari.,positif
"Produk cacat saat diterima, sangat mengecewakan.",negatif
Saya sangat puas dengan pembelian ini.,positif
Pengemasan rapi dan pengiriman cepat.,positif
Sangat direkomendasikan! Saya akan beli lagi.,positif
"Barang rusak saat tiba, tidak bisa dipakai.",negatif
"Bau bahan sangat menyengat, tidak nyaman.",negatif
"Barang rusak saat tiba, tidak bisa dipakai.",negatif
Tidak sesuai dengan gambar di iklan.,negatif
"Produk cacat saat diterima, sangat mengecewakan.",negatif
"Produk cacat saat diterima, sangat mengecewakan.",negatif
Penjual sangat responsif dan membantu.,positif
"Desainnya menarik, tapi bahan kurang nyaman.",negatif
Saya sangat puas dengan pembelian ini.,positif
Sangat nyaman digunakan sehari-hari.,positif
"Bau bahan sangat menyengat, tidak nyaman.",negatif
"Bau bahan sangat menyengat, tidak nyaman.",negatif
Sangat nyaman digunakan sehari-hari.,positif
"Barang rusak saat tiba, tidak bisa dipakai.",negatif
"Produk cacat saat diterima, sangat mengecewakan.",negatif
Harganya terlalu mahal untuk kualitas seperti ini.,negatif
Tidak sesuai dengan gambar di iklan.,negatif
Sangat nyaman digunakan sehari-hari.,positif
Harganya terlalu mahal untuk kualitas seperti ini.,negatif
Pengemasan rapi dan pengiriman cepat.,positif
Penjual sangat responsif dan membantu.,positif
"Desainnya menarik, tapi bahan kurang nyaman.",negatif
"Barang rusak saat tiba, tidak bisa dipakai.",negatif
Harga terjangkau dengan kualitas baik.,positif
"Barang sesuai deskripsi, kualitas oke.",positif
"Desainnya menarik, tapi bahan kurang nyaman.",negatif
Sangat direkomendasikan! Saya akan beli lagi.,positif
Tidak sesuai dengan gambar di iklan.,negatif
Penjual sangat responsif dan membantu.,positif
Sangat membantu dalam aktivitas sehari-hari.,positif
Sangat direkomendasikan! Saya akan beli lagi.,positif
Pengemasan rapi dan pengiriman cepat.,positif
Sangat nyaman digunakan sehari-hari.,positif
Sangat nyaman digunakan sehari-hari.,positif
"Garansi tidak sesuai janji, sangat mengecewakan.",negatif
"Barang rusak saat tiba, tidak bisa dipakai.",negatif
Harga terjangkau dengan kualitas baik.,positif
Saya sangat puas dengan pembelian ini.,positif
Barang diterima dengan cepat dan dalam kondisi baik.,positif
"Barang rusak saat tiba, tidak bisa dipakai.",negatif
Pelayanan pelanggan sangat buruk dan tidak membantu.,negatif
"Bau bahan sangat menyengat, tidak nyaman.",negatif
Produk ini sangat bagus dan berkualitas!,positif
"Barang sesuai deskripsi, kualitas oke.",positif
Tidak sesuai dengan gambar di iklan.,negatif
"Produk cacat saat diterima, sangat mengecewakan.",negatif
Pelayanan pelanggan sangat buruk dan tidak membantu.,negatif
Pelayanan pelanggan sangat buruk dan tidak membantu.,negatif
"Bau bahan sangat menyengat, tidak nyaman.",negatif
"Kualitasnya sangat buruk, tidak sesuai harapan.",negatif
"Kualitasnya sangat buruk, tidak sesuai harapan.",negatif
"Produk cacat saat diterima, sangat mengecewakan.",negatif
Produk ini sangat bagus dan berkualitas!,positif
Produk ini sangat bagus dan berkualitas!,positif
Produk ini sangat bagus dan berkualitas!,positif
"Produk cacat saat diterima, sangat mengecewakan.",negatif
Tidak sesuai dengan gambar di iklan.,negatif
Harganya terlalu mahal untuk kualitas seperti ini.,negatif
"Barang tidak sesuai pesanan, sangat kecewa.",negatif
"Desainnya menarik, tapi bahan kurang nyaman.",negatif
"Kualitasnya sangat buruk, tidak sesuai harapan.",negatif
Pengemasan rapi dan pengiriman cepat.,positif
Saya sangat puas dengan pembelian ini.,positif
Harganya terlalu mahal untuk kualitas seperti ini.,negatif
"Desainnya menarik, tapi bahan kurang nyaman.",negatif
"Barang sesuai deskripsi, kualitas oke.",positif
Pengemasan rapi dan pengiriman cepat.,positif
Sangat membantu dalam aktivitas sehari-hari.,positif
Sangat direkomendasikan! Saya akan beli lagi.,positif
"Desainnya menarik, tapi bahan kurang nyaman.",negatif
Pengemasan rapi dan pengiriman cepat.,positif
Harga terjangkau dengan kualitas baik.,positif
Pengemasan rapi dan pengiriman cepat.,positif
Saya sangat puas dengan pembelian ini.,positif
Penjual sangat responsif dan membantu.,positif
"Desainnya menarik, tapi bahan kurang nyaman.",negatif
"Kualitasnya sangat buruk, tidak sesuai harapan.",negatif
Tidak sesuai dengan gambar di iklan.,negatif
Penjual sangat responsif dan membantu.,positif
Harganya terlalu mahal untuk kualitas seperti ini.,negatif
"Barang rusak saat tiba, tidak bisa dipakai.",negatif
Pelayanan pelanggan sangat buruk dan tidak membantu.,negatif
Saya sangat puas dengan pembelian ini.,positif
"Bau bahan sangat menyengat, tidak nyaman.",negatif
"Barang tidak sesuai pesanan, sangat kecewa.",negatif
Sangat direkomendasikan! Saya akan beli lagi.,positif
Sangat nyaman digunakan sehari-hari.,positif
Sangat nyaman digunakan sehari-hari.,positif
"Kualitasnya sangat buruk, tidak sesuai harapan.",negatif
"Desainnya menarik, tapi bahan kurang nyaman.",negatif
Sangat nyaman digunakan sehari-hari.,positif
Barang diterima dengan cepat dan dalam kondisi baik.,positif
Sangat membantu dalam aktivitas sehari-hari.,positif
"Garansi tidak sesuai janji, sangat mengecewakan.",negatif
"Desainnya menarik, tapi bahan kurang nyaman.",negatif
Sangat direkomendasikan! Saya akan beli lagi.,positif
"Kualitasnya sangat buruk, tidak sesuai harapan.",negatif
"Barang sesuai deskripsi, kualitas oke.",positif
Sangat nyaman digunakan sehari-hari.,positif
Produk ini sangat bagus dan berkualitas!,positif
Saya sangat puas dengan pembelian ini.,positif
Penjual sangat responsif dan membantu.,positif
Produk ini sangat bagus dan berkualitas!,positif
Harganya terlalu mahal untuk kualitas seperti ini.,negatif
Penjual sangat responsif dan membantu.,positif
"Barang tidak sesuai pesanan, sangat kecewa.",negatif
"Barang tidak sesuai pesanan, sangat kecewa.",negatif
"Barang sesuai deskripsi, kualitas oke.",positif
"Barang sesuai deskripsi, kualitas oke.",positif
"Barang rusak saat tiba, tidak bisa dipakai.",negatif
Penjual sangat responsif dan membantu.,positif
Tidak sesuai dengan gambar di iklan.,negatif
"Barang sesuai deskripsi, kualitas oke.",positif
Sangat direkomendasikan! Saya akan beli lagi.,positif
Pelayanan pelanggan sangat buruk dan tidak membantu.,negatif
"Bau bahan sangat menyengat, tidak nyaman.",negatif
Harganya terlalu mahal untuk kualitas seperti ini.,negatif
Produk ini sangat bagus dan berkualitas!,positif
Tidak sesuai dengan gambar di iklan.,negatif
"Bau bahan sangat menyengat, tidak nyaman.",negatif
Tidak sesuai dengan gambar di iklan.,negatif
"Barang tidak sesuai pesanan, sangat kecewa.",negatif
"Garansi tidak sesuai janji, sangat mengecewakan.",negatif
Pelayanan pelanggan sangat buruk dan tidak membantu.,negatif
Saya sangat puas dengan pembelian ini.,positif
"Barang rusak saat tiba, tidak bisa dipakai.",negatif
Pelayanan pelanggan sangat buruk dan tidak membantu.,negatif
"Kualitasnya sangat buruk, tidak sesuai harapan.",negatif
"Barang sesuai deskripsi, kualitas oke.",positif
Pelayanan pelanggan sangat buruk dan tidak membantu.,negatif
Saya sangat puas dengan pembelian ini.,positif
Sangat nyaman digunakan sehari-hari.,positif
"Desainnya menarik, tapi bahan kurang nyaman.",negatif
"Desainnya menarik, tapi bahan kurang nyaman.",negatif
Sangat nyaman digunakan sehari-hari.,positif
Tidak sesuai dengan gambar di iklan.,negatif
"Barang tidak sesuai pesanan, sangat kecewa.",negatif
"Garansi tidak sesuai janji, sangat mengecewakan.",negatif
Tidak sesuai dengan gambar di iklan.,negatif
Sangat nyaman digunakan sehari-hari.,positif
Penjual sangat responsif dan membantu.,positif
"Produk cacat saat diterima, sangat mengecewakan.",negatif
Sangat nyaman digunakan sehari-hari.,positif
Pelayanan pelanggan sangat buruk dan tidak membantu.,negatif
"Bau bahan sangat menyengat, tidak nyaman.",negatif
Penjual sangat responsif dan membantu.,positif
Pelayanan pelanggan sangat buruk dan tidak membantu.,negatif
Pengemasan rapi dan pengiriman cepat.,positif
"Kualitasnya sangat buruk, tidak sesuai harapan.",negatif
Pelayanan pelanggan sangat buruk dan tidak membantu.,negatif
"Garansi tidak sesuai janji, sangat mengecewakan.",negatif
Barang diterima dengan cepat dan dalam kondisi baik.,positif
Pengemasan rapi dan pengiriman cepat.,positif
"Bau bahan sangat menyengat, tidak nyaman.",negatif
"Kualitasnya sangat buruk, tidak sesuai harapan.",negatif
Produk ini sangat bagus dan berkualitas!,positif
"Desainnya menarik, tapi bahan kurang nyaman.",negatif
"Desainnya menarik, tapi bahan kurang nyaman.",negatif
"Barang sesuai deskripsi, kualitas oke.",positif
"Produk cacat saat diterima, sangat mengecewakan.",negatif
Sangat direkomendasikan! Saya akan beli lagi.,positif
"Kualitasnya sangat buruk, tidak sesuai harapan.",negatif
Sangat direkomendasikan! Saya akan beli lagi.,positif
"Bau bahan sangat menyengat, tidak nyaman.",negatif
"Kualitasnya sangat buruk, tidak sesuai harapan.",negatif
Harganya terlalu mahal untuk kualitas seperti ini.,negatif
Sangat direkomendasikan! Saya akan beli lagi.,positif
Sangat nyaman digunakan sehari-hari.,positif
Sangat nyaman digunakan sehari-hari.,positif
"Barang rusak saat tiba, tidak bisa dipakai.",negatif
Tidak sesuai dengan gambar di iklan.,negatif
"Barang rusak saat tiba, tidak bisa dipakai.",negatif
Sangat nyaman digunakan sehari-hari.,positif
Barang diterima dengan cepat dan dalam kondisi baik.,positif
Saya sangat puas dengan pembelian ini.,positif
Sangat membantu dalam aktivitas sehari-hari.,positif
"Barang sesuai deskripsi, kualitas oke.",positif
"Bau bahan sangat menyengat, tidak nyaman.",negatif
"Barang tidak sesuai pesanan, sangat kecewa.",negatif
Sangat nyaman digunakan sehari-hari.,positif
Saya sangat puas dengan pembelian ini.,positif
"Kualitasnya sangat buruk, tidak sesuai harapan.",negatif
Sangat direkomendasikan! Saya akan beli lagi.,positif
"Produk cacat saat diterima, sangat mengecewakan.",negatif
Barang diterima dengan cepat dan dalam kondisi baik.,positif
"Produk cacat saat diterima, sangat mengecewakan.",negatif
"Desainnya menarik, tapi bahan kurang nyaman.",negatif
Harga terjangkau dengan kualitas baik.,positif
Harga terjangkau dengan kualitas baik.,positif
Harganya terlalu mahal untuk kualitas seperti ini.,negatif
Saya sangat puas dengan pembelian ini.,positif
Penjual sangat responsif dan membantu.,positif
"Barang sesuai deskripsi, kualitas oke.",positif
"Barang sesuai deskripsi, kualitas oke.",positif
Harga terjangkau dengan kualitas baik.,positif
Pelayanan pelanggan sangat buruk dan tidak membantu.,negatif
Penjual sangat responsif dan membantu.,positif
"Barang rusak saat tiba, tidak bisa dipakai.",negatif
"Barang rusak saat tiba, tidak bisa dipakai.",negatif
Barang diterima dengan cepat dan dalam kondisi baik.,positif
Harganya terlalu mahal untuk kualitas seperti ini.,negatif
Sangat nyaman digunakan sehari-hari.,positif
"Barang sesuai deskripsi, kualitas oke.",positif
"Kualitasnya sangat buruk, tidak sesuai harapan.",negatif
"Kualitasnya sangat buruk, tidak sesuai harapan.",negatif
"Barang tidak sesuai pesanan, sangat kecewa.",negatif
Pelayanan pelanggan sangat buruk dan tidak membantu.,negatif
"Barang rusak saat tiba, tidak bisa dipakai.",negatif
"Produk cacat saat diterima, sangat mengecewakan.",negatif
"Barang rusak saat tiba, tidak bisa dipakai.",negatif
Tidak sesuai dengan gambar di iklan.,negatif
Tidak sesuai dengan gambar di iklan.,negatif
Tidak sesuai dengan gambar di iklan.,negatif
Produk ini sangat bagus dan berkualitas!,positif
"Produk cacat saat diterima, sangat mengecewakan.",negatif
Sangat nyaman digunakan sehari-hari.,positif
"Barang rusak saat tiba, tidak bisa dipakai.",negatif
"Desainnya menarik, tapi bahan kurang nyaman.",negatif
Pengemasan rapi dan pengiriman cepat.,positif
Pelayanan pelanggan sangat buruk dan tidak membantu.,negatif
Sangat direkomendasikan! Saya akan beli lagi.,positif
Pengemasan rapi dan pengiriman cepat.,positif
"Kualitasnya sangat buruk, tidak sesuai harapan.",negatif
Tidak sesuai dengan gambar di iklan.,negatif
Tidak sesuai dengan gambar di iklan.,negatif
Produk ini sangat bagus dan berkualitas!,positif
"Bau bahan sangat menyengat, tidak nyaman.",negatif
Pengemasan rapi dan pengiriman cepat.,positif
Sangat membantu dalam aktivitas sehari-hari.,positif
Sangat nyaman digunakan sehari-hari.,positif
"Kualitasnya sangat buruk, tidak sesuai harapan.",negatif
Saya sangat puas dengan pembelian ini.,positif
"Desainnya menarik, tapi bahan kurang nyaman.",negatif
"Kualitasnya sangat buruk, tidak sesuai harapan.",negatif
"Kualitasnya sangat buruk, tidak sesuai harapan.",negatif
"Bau bahan sangat menyengat, tidak nyaman.",negatif
"Barang tidak sesuai pesanan, sangat kecewa.",negatif
Saya sangat puas dengan pembelian ini.,positif
Barang diterima dengan cepat dan dalam kondisi baik.,positif
"Kualitasnya sangat buruk, tidak sesuai harapan.",negatif
Sangat membantu dalam aktivitas sehari-hari.,positif
Sangat direkomendasikan! Saya akan beli lagi.,positif
"Bau bahan sangat menyengat, tidak nyaman.",negatif
Pelayanan pelanggan sangat buruk dan tidak membantu.,negatif
Pengemasan rapi dan pengiriman cepat.,positif
Tidak sesuai dengan gambar di iklan.,negatif
Harganya terlalu mahal untuk kualitas seperti ini.,negatif
"Bau bahan sangat menyengat, tidak nyaman.",negatif
Sangat direkomendasikan! Saya akan beli lagi.,positif
"Barang tidak sesuai pesanan, sangat kecewa.",negatif
Pengemasan rapi dan pengiriman cepat.,positif
Harga terjangkau dengan kualitas baik.,positif
Produk ini sangat bagus dan berkualitas!,positif
"Kualitasnya sangat buruk, tidak sesuai harapan.",negatif
Tidak sesuai dengan gambar di iklan.,negatif
"Desainnya menarik, tapi bahan kurang nyaman.",negatif
Harga terjangkau dengan kualitas baik.,positif
Tidak sesuai dengan gambar di iklan.,negatif
Sangat nyaman digunakan sehari-hari.,positif
Sangat membantu dalam aktivitas sehari-hari.,positif
Barang diterima dengan cepat dan dalam kondisi baik.,positif
"Produk cacat saat diterima, sangat mengecewakan.",negatif
"Bau bahan sangat menyengat, tidak nyaman.",negatif
Penjual sangat responsif dan membantu.,positif
Barang diterima dengan cepat dan dalam kondisi baik.,positif
Harganya terlalu mahal untuk kualitas seperti ini.,negatif
"Bau bahan sangat menyengat, tidak nyaman.",negatif
Barang diterima dengan cepat dan dalam kondisi baik.,positif
Saya sangat puas dengan pembelian ini.,positif
"Garansi tidak sesuai janji, sangat mengecewakan.",negatif
Barang diterima dengan cepat dan dalam kondisi baik.,positif
Produk ini sangat bagus dan berkualitas!,positif
Produk ini sangat bagus dan berkualitas!,positif
Saya sangat puas dengan pembelian ini.,positif
Sangat direkomendasikan! Saya akan beli lagi.,positif
Harga terjangkau dengan kualitas baik.,positif
"Kualitasnya sangat buruk, tidak sesuai harapan.",negatif
"Bau bahan sangat menyengat, tidak nyaman.",negatif
Penjual sangat responsif dan membantu.,positif
Pelayanan pelanggan sangat buruk dan tidak membantu.,negatif
Penjual sangat responsif dan membantu.,positif
"Garansi tidak sesuai janji, sangat mengecewakan.",negatif
Penjual sangat responsif dan membantu.,positif
"Kualitasnya sangat buruk, tidak sesuai harapan.",negatif
Saya sangat puas dengan pembelian ini.,positif
"Barang tidak sesuai pesanan, sangat kecewa.",negatif
Harganya terlalu mahal untuk kualitas seperti ini.,negatif
Produk ini sangat bagus dan berkualitas!,positif
"Garansi tidak sesuai janji, sangat mengecewakan.",negatif
Harganya terlalu mahal untuk kualitas seperti ini.,negatif
Saya sangat puas dengan pembelian ini.,positif
Penjual sangat responsif dan membantu.,positif
Sangat nyaman digunakan sehari-hari.,positif
Pengemasan rapi dan pengiriman cepat.,positif
"Desainnya menarik, tapi bahan kurang nyaman.",negatif
Pelayanan pelanggan sangat buruk dan tidak membantu.,negatif
Sangat nyaman digunakan sehari-hari.,positif
"Desainnya menarik, tapi bahan kurang nyaman.",negatif
Saya sangat puas dengan pembelian ini.,positif
"Barang tidak sesuai pesanan, sangat kecewa.",negatif
"Produk cacat saat diterima, sangat mengecewakan.",negatif
"Kualitasnya sangat buruk, tidak sesuai harapan.",negatif
"Bau bahan sangat menyengat, tidak nyaman.",negatif
Sangat direkomendasikan! Saya akan beli lagi.,positif
"Desainnya menarik, tapi bahan kurang nyaman.",negatif
"Barang rusak saat tiba, tidak bisa dipakai.",negatif
"Barang rusak saat tiba, tidak bisa dipakai.",negatif
"Barang rusak saat tiba, tidak bisa dipakai.",negatif
Tidak sesuai dengan gambar di iklan.,negatif
Tidak sesuai dengan gambar di iklan.,negatif
Pelayanan pelanggan sangat buruk dan tidak membantu.,negatif
Pelayanan pelanggan sangat buruk dan tidak membantu.,negatif
"Bau bahan sangat menyengat, tidak nyaman.",negatif
"Produk cacat saat diterima, sangat mengecewakan.",negatif
"Bau bahan sangat menyengat, tidak nyaman.",negatif
Pelayanan pelanggan sangat buruk dan tidak membantu.,negatif
"Barang sesuai deskripsi, kualitas oke.",positif
"Barang sesuai deskripsi, kualitas oke.",positif
"Barang tidak sesuai pesanan, sangat kecewa.",negatif
Barang diterima dengan cepat dan dalam kondisi baik.,positif
"Garansi tidak sesuai janji, sangat mengecewakan.",negatif
"Garansi tidak sesuai janji, sangat mengecewakan.",negatif
"Bau bahan sangat menyengat, tidak nyaman.",negatif
Harga terjangkau dengan kualitas baik.,positif
"Bau bahan sangat menyengat, tidak nyaman.",negatif
Harganya terlalu mahal untuk kualitas seperti ini.,negatif
Produk ini sangat bagus dan berkualitas!,positif
Barang diterima dengan cepat dan dalam kondisi baik.,positif
Harga terjangkau dengan kualitas baik.,positif
Pengemasan rapi dan pengiriman cepat.,positif
Sangat membantu dalam aktivitas sehari-hari.,positif
"Barang sesuai deskripsi, kualitas oke.",positif
Harga terjangkau dengan kualitas baik.,positif
Penjual sangat responsif dan membantu.,positif
"Barang tidak sesuai pesanan, sangat kecewa.",negatif
Sangat membantu dalam aktivitas sehari-hari.,positif
"Bau bahan sangat menyengat, tidak nyaman.",negatif
"Bau bahan sangat menyengat, tidak nyaman.",negatif
Harganya terlalu mahal untuk kualitas seperti ini.,negatif
Sangat nyaman digunakan sehari-hari.,positif
Pengemasan rapi dan pengiriman cepat.,positif
Harganya terlalu mahal untuk kualitas seperti ini.,negatif
"Barang rusak saat tiba, tidak bisa dipakai.",negatif
"Barang sesuai deskripsi, kualitas oke.",positif
Pengemasan rapi dan pengiriman cepat.,positif
Pengemasan rapi dan pengiriman cepat.,positif
"Bau bahan sangat menyengat, tidak nyaman.",negatif
Pengemasan rapi dan pengiriman cepat.,positif
"Barang sesuai deskripsi, kualitas oke.",positif
Saya sangat puas dengan pembelian ini.,positif
Pengemasan rapi dan pengiriman cepat.,positif
Tidak sesuai dengan gambar di iklan.,negatif
"Bau bahan sangat menyengat, tidak nyaman.",negatif
Harga terjangkau dengan kualitas baik.,positif
"Barang sesuai deskripsi, kualitas oke.",positif
Barang diterima dengan cepat dan dalam kondisi baik.,positif
"Bau bahan sangat menyengat, tidak nyaman.",negatif
Sangat membantu dalam aktivitas sehari-hari.,positif
Sangat membantu dalam aktivitas sehari-hari.,positif
"Desainnya menarik, tapi bahan kurang nyaman.",negatif
Saya sangat puas dengan pembelian ini.,positif
"Garansi tidak sesuai janji, sangat mengecewakan.",negatif
"Barang tidak sesuai pesanan, sangat kecewa.",negatif
"Garansi tidak sesuai janji, sangat mengecewakan.",negatif
Pengemasan rapi dan pengiriman cepat.,positif
Harganya terlalu mahal untuk kualitas seperti ini.,negatif
Sangat direkomendasikan! Saya akan beli lagi.,positif
Sangat nyaman digunakan sehari-hari.,positif
Sangat nyaman digunakan sehari-hari.,positif
Saya sangat puas dengan pembelian ini.,positif
Saya sangat puas dengan pembelian ini.,positif
Sangat membantu dalam aktivitas sehari-hari.,positif
Sangat membantu dalam aktivitas sehari-hari.,positif
Sangat nyaman digunakan sehari-hari.,positif
Tidak sesuai dengan gambar di iklan.,negatif
"Barang sesuai deskripsi, kualitas oke.",positif
Sangat direkomendasikan! Saya akan beli lagi.,positif
"Kualitasnya sangat buruk, tidak sesuai harapan.",negatif
"Barang tidak sesuai pesanan, sangat kecewa.",negatif
Produk ini sangat bagus dan berkualitas!,positif
Sangat direkomendasikan! Saya akan beli lagi.,positif
"Desainnya menarik, tapi bahan kurang nyaman.",negatif
"Produk cacat saat diterima, sangat mengecewakan.",negatif
Tidak sesuai dengan gambar di iklan.,negatif
"Barang rusak saat tiba, tidak bisa dipakai.",negatif
"Produk cacat saat diterima, sangat mengecewakan.",negatif
Sangat direkomendasikan! Saya akan beli lagi.,positif
Sangat direkomendasikan! Saya akan beli lagi.,positif
Sangat direkomendasikan! Saya akan beli lagi.,positif
Sangat nyaman digunakan sehari-hari.,positif
"Barang sesuai deskripsi, kualitas oke.",positif
Harganya terlalu mahal untuk kualitas seperti ini.,negatif
"Barang tidak sesuai pesanan, sangat kecewa.",negatif
"Barang sesuai deskripsi, kualitas oke.",positif
Produk ini sangat bagus dan berkualitas!,positif
Sangat nyaman digunakan sehari-hari.,positif
Saya sangat puas dengan pembelian ini.,positif
Penjual sangat responsif dan membantu.,positif
Produk ini sangat bagus dan berkualitas!,positif
Harganya terlalu mahal untuk kualitas seperti ini.,negatif
"Garansi tidak sesuai janji, sangat mengecewakan.",negatif
"Desainnya menarik, tapi bahan kurang nyaman.",negatif
"Barang rusak saat tiba, tidak bisa dipakai.",negatif
Sangat membantu dalam aktivitas sehari-hari.,positif
Saya sangat puas dengan pembelian ini.,positif
"Barang tidak sesuai pesanan, sangat kecewa.",negatif
Harganya terlalu mahal untuk kualitas seperti ini.,negatif
Produk ini sangat bagus dan berkualitas!,positif
Saya sangat puas dengan pembelian ini.,positif
Harganya terlalu mahal untuk kualitas seperti ini.,negatif
Penjual sangat responsif dan membantu.,positif
"Desainnya menarik, tapi bahan kurang nyaman.",negatif
"Desainnya menarik, tapi bahan kurang nyaman.",negatif
Penjual sangat responsif dan membantu.,positif
Pelayanan pelanggan sangat buruk dan tidak membantu.,negatif
Sangat nyaman digunakan sehari-hari.,positif
Saya sangat puas dengan pembelian ini.,positif
"Barang tidak sesuai pesanan, sangat kecewa.",negatif
"Desainnya menarik, tapi bahan kurang nyaman.",negatif
Pelayanan pelanggan sangat buruk dan tidak membantu.,negatif
"Barang rusak saat tiba, tidak bisa dipakai.",negatif
Sangat direkomendasikan! Saya akan beli lagi.,positif
Harganya terlalu mahal untuk kualitas seperti ini.,negatif
Sangat membantu dalam aktivitas sehari-hari.,positif
Sangat direkomendasikan! Saya akan beli lagi.,positif
Produk ini sangat bagus dan berkualitas!,positif
Saya sangat puas dengan pembelian ini.,positif
"Barang tidak sesuai pesanan, sangat kecewa.",negatif
Harga terjangkau dengan kualitas baik.,positif
"Kualitasnya sangat buruk, tidak sesuai harapan.",negatif
Penjual sangat responsif dan membantu.,positif
Harga terjangkau dengan kualitas baik.,positif
"Barang sesuai deskripsi, kualitas oke.",positif
"Produk cacat saat diterima, sangat mengecewakan.",negatif
"Barang sesuai deskripsi, kualitas oke.",positif
Tidak sesuai dengan gambar di iklan.,negatif
Harganya terlalu mahal untuk kualitas seperti ini.,negatif
Penjual sangat responsif dan membantu.,positif
Pelayanan pelanggan sangat buruk dan tidak membantu.,negatif
Pelayanan pelanggan sangat buruk dan tidak membantu.,negatif
Tidak sesuai dengan gambar di iklan.,negatif
"Kualitasnya sangat buruk, tidak sesuai harapan.",negatif
Harga terjangkau dengan kualitas baik.,positif
Tidak sesuai dengan gambar di iklan.,negatif
Barang diterima dengan cepat dan dalam kondisi baik.,positif
Sangat nyaman digunakan sehari-hari.,positif
Sangat direkomendasikan! Saya akan beli lagi.,positif
"Produk cacat saat diterima, sangat mengecewakan.",negatif
Produk ini sangat bagus dan berkualitas!,positif
Sangat nyaman digunakan sehari-hari.,positif
"Barang rusak saat tiba, tidak bisa dipakai.",negatif
"Produk cacat saat diterima, sangat mengecewakan.",negatif
Harga terjangkau dengan kualitas baik.,positif
"Desainnya menarik, tapi bahan kurang nyaman.",negatif
"Bau bahan sangat menyengat, tidak nyaman.",negatif
"Garansi tidak sesuai janji, sangat mengecewakan.",negatif
"Barang tidak sesuai pesanan, sangat kecewa.",negatif
"Barang sesuai deskripsi, kualitas oke.",positif
Pelayanan pelanggan sangat buruk dan tidak membantu.,negatif
"Produk cacat saat diterima, sangat mengecewakan.",negatif
Pengemasan rapi dan pengiriman cepat.,positif
Harganya terlalu mahal untuk kualitas seperti ini.,negatif
Penjual sangat responsif dan membantu.,positif
"Barang rusak saat tiba, tidak bisa dipakai.",negatif
Sangat direkomendasikan! Saya akan beli lagi.,positif
Harga terjangkau dengan kualitas baik.,positif
"Barang tidak sesuai pesanan, sangat kecewa.",negatif
"Bau bahan sangat menyengat, tidak nyaman.",negatif
Harganya terlalu mahal untuk kualitas seperti ini.,negatif
Sangat nyaman digunakan sehari-hari.,positif
"Produk cacat saat diterima, sangat mengecewakan.",negatif
"Barang tidak sesuai pesanan, sangat kecewa.",negatif
"Barang tidak sesuai pesanan, sangat kecewa.",negatif
"Barang rusak saat tiba, tidak bisa dipakai.",negatif
"Bau bahan sangat menyengat, tidak nyaman.",negatif
"Barang rusak saat tiba, tidak bisa dipakai.",negatif
Penjual sangat responsif dan membantu.,positif
Pelayanan pelanggan sangat buruk dan tidak membantu.,negatif
"Kualitasnya sangat buruk, tidak sesuai harapan.",negatif
"Garansi tidak sesuai janji, sangat mengecewakan.",negatif
"Bau bahan sangat menyengat, tidak nyaman.",negatif
Saya sangat puas dengan pembelian ini.,positif
Sangat direkomendasikan! Saya akan beli lagi.,positif
"Barang sesuai deskripsi, kualitas oke.",positif
Saya sangat puas dengan pembelian ini.,positif
Harga terjangkau dengan kualitas baik.,positif
Saya sangat puas dengan pembelian ini.,positif
Pengemasan rapi dan pengiriman cepat.,positif
Saya sangat puas dengan pembelian ini.,positif
Pengemasan rapi dan pengiriman cepat.,positif
Harga terjangkau dengan kualitas baik.,positif
Sangat membantu dalam aktivitas sehari-hari.,positif
Harga terjangkau dengan kualitas baik.,positif
Pelayanan pelanggan sangat buruk dan tidak membantu.,negatif
Tidak sesuai dengan gambar di iklan.,negatif
"Barang rusak saat tiba, tidak bisa dipakai.",negatif
Harga terjangkau dengan kualitas baik.,positif
"Barang rusak saat tiba, tidak bisa dipakai.",negatif
Tidak sesuai dengan gambar di iklan.,negatif
Produk ini sangat bagus dan berkualitas!,positif
Harga terjangkau dengan kualitas baik.,positif
Harganya terlalu mahal untuk kualitas seperti ini.,negatif
Tidak sesuai dengan gambar di iklan.,negatif
"Barang rusak saat tiba, tidak bisa dipakai.",negatif
Saya sangat puas dengan pembelian ini.,positif
Harganya terlalu mahal untuk kualitas seperti ini.,negatif
"Bau bahan sangat menyengat, tidak nyaman.",negatif
Pengemasan rapi dan pengiriman cepat.,positif
Harga terjangkau dengan kualitas baik.,positif
Harga terjangkau dengan kualitas baik.,positif
"Bau bahan sangat menyengat, tidak nyaman.",negatif
"Kualitasnya sangat buruk, tidak sesuai harapan.",negatif
Sangat direkomendasikan! Saya akan beli lagi.,positif
Barang diterima dengan cepat dan dalam kondisi baik.,positif
"Barang rusak saat tiba, tidak bisa dipakai.",negatif
"Barang sesuai deskripsi, kualitas oke.",positif
Pengemasan rapi dan pengiriman cepat.,positif
"Kualitasnya sangat buruk, tidak sesuai harapan.",negatif
Pelayanan pelanggan sangat buruk dan tidak membantu.,negatif
Sangat direkomendasikan! Saya akan beli lagi.,positif
Sangat nyaman digunakan sehari-hari.,positif
"Produk cacat saat diterima, sangat mengecewakan.",negatif
Tidak sesuai dengan gambar di iklan.,negatif
"Garansi tidak sesuai janji, sangat mengecewakan.",negatif
"Barang sesuai deskripsi, kualitas oke.",positif
Harga terjangkau dengan kualitas baik.,positif
Sangat direkomendasikan! Saya akan beli lagi.,positif
"Garansi tidak sesuai janji, sangat mengecewakan.",negatif
Sangat direkomendasikan! Saya akan beli lagi.,positif
Sangat direkomendasikan! Saya akan beli lagi.,positif
Sangat nyaman digunakan sehari-hari.,positif
"Barang rusak saat tiba, tidak bisa dipakai.",negatif
"Garansi tidak sesuai janji, sangat mengecewakan.",negatif
Harganya terlalu mahal untuk kualitas seperti ini.,negatif
Harga terjangkau dengan kualitas baik.,positif
Harga terjangkau dengan kualitas baik.,positif
Saya sangat puas dengan pembelian ini.,positif
"Barang rusak saat tiba, tidak bisa dipakai.",negatif
Pelayanan pelanggan sangat buruk dan tidak membantu.,negatif
Produk ini sangat bagus dan berkualitas!,positif
"Garansi tidak sesuai janji, sangat mengecewakan.",negatif
"Barang tidak sesuai pesanan, sangat kecewa.",negatif
"Produk cacat saat diterima, sangat mengecewakan.",negatif
Barang diterima dengan cepat dan dalam kondisi baik.,positif
Produk ini sangat bagus dan berkualitas!,positif
Produk ini sangat bagus dan berkualitas!,positif
Pelayanan pelanggan sangat buruk dan tidak membantu.,negatif
"Garansi tidak sesuai janji, sangat mengecewakan.",negatif
Produk ini sangat bagus dan berkualitas!,positif
Sangat membantu dalam aktivitas sehari-hari.,positif
"Produk cacat saat diterima, sangat mengecewakan.",negatif
"Barang sesuai deskripsi, kualitas oke.",positif
Tidak sesuai dengan gambar di iklan.,negatif
"Barang sesuai deskripsi, kualitas oke.",positif
"Barang tidak sesuai pesanan, sangat kecewa.",negatif
"Bau bahan sangat menyengat, tidak nyaman.",negatif
Harga terjangkau dengan kualitas baik.,positif
Sangat direkomendasikan! Saya akan beli lagi.,positif
Harganya terlalu mahal untuk kualitas seperti ini.,negatif
Sangat direkomendasikan! Saya akan beli lagi.,positif
"Barang rusak saat tiba, tidak bisa dipakai.",negatif
Pelayanan pelanggan sangat buruk dan tidak membantu.,negatif
Sangat nyaman digunakan sehari-hari.,positif
Pengemasan rapi dan pengiriman cepat.,positif
"Barang rusak saat tiba, tidak bisa dipakai.",negatif
Sangat membantu dalam aktivitas sehari-hari.,positif
Harganya terlalu mahal untuk kualitas seperti ini.,negatif
"Desainnya menarik, tapi bahan kurang nyaman.",negatif
Harga terjangkau dengan kualitas baik.,positif
Pengemasan rapi dan pengiriman cepat.,positif
"Bau bahan sangat menyengat, tidak nyaman.",negatif
"Produk cacat saat diterima, sangat mengecewakan.",negatif
Barang diterima dengan cepat dan dalam kondisi baik.,positif
Penjual sangat responsif dan membantu.,positif
Sangat nyaman digunakan sehari-hari.,positif
Harganya terlalu mahal untuk kualitas seperti ini.,negatif
Barang diterima dengan cepat dan dalam kondisi baik.,positif
Sangat direkomendasikan! Saya akan beli lagi.,positif
Produk ini sangat bagus dan berkualitas!,positif
"Barang rusak saat tiba, tidak bisa dipakai.",negatif
Pelayanan pelanggan sangat buruk dan tidak membantu.,negatif
Harganya terlalu mahal untuk kualitas seperti ini.,negatif
"Barang rusak saat tiba, tidak bisa dipakai.",negatif
"Kualitasnya sangat buruk, tidak sesuai harapan.",negatif
Harganya terlalu mahal untuk kualitas seperti ini.,negatif
Sangat direkomendasikan! Saya akan beli lagi.,positif
"Bau bahan sangat menyengat, tidak nyaman.",negatif
"Barang sesuai deskripsi, kualitas oke.",positif
"Barang rusak saat tiba, tidak bisa dipakai.",negatif
"Bau bahan sangat menyengat, tidak nyaman.",negatif
Harganya terlalu mahal untuk kualitas seperti ini.,negatif
"Kualitasnya sangat buruk, tidak sesuai harapan.",negatif
Penjual sangat responsif dan membantu.,positif
Produk ini sangat bagus dan berkualitas!,positif
Penjual sangat responsif dan membantu.,positif
"Produk cacat saat diterima, sangat mengecewakan.",negatif
"Garansi tidak sesuai janji, sangat mengecewakan.",negatif
"Barang tidak sesuai pesanan, sangat kecewa.",negatif
Harga terjangkau dengan kualitas baik.,positif
"Barang rusak saat tiba, tidak bisa dipakai.",negatif
"Kualitasnya sangat buruk, tidak sesuai harapan.",negatif
Sangat nyaman digunakan sehari-hari.,positif
Sangat nyaman digunakan sehari-hari.,positif
Barang diterima dengan cepat dan dalam kondisi baik.,positif
Produk ini sangat bagus dan berkualitas!,positif
Pelayanan pelanggan sangat buruk dan tidak membantu.,negatif
"Barang rusak saat tiba, tidak bisa dipakai.",negatif
"Kualitasnya sangat buruk, tidak sesuai harapan.",negatif
"Desainnya menarik, tapi bahan kurang nyaman.",negatif
"Produk cacat saat diterima, sangat mengecewakan.",negatif
"Bau bahan sangat menyengat, tidak nyaman.",negatif
Sangat nyaman digunakan sehari-hari.,positif
Harga terjangkau dengan kualitas baik.,positif
Barang diterima dengan cepat dan dalam kondisi baik.,positif
Harga terjangkau dengan kualitas baik.,positif
Barang diterima dengan cepat dan dalam kondisi baik.,positif
Barang diterima dengan cepat dan dalam kondisi baik.,positif
Pengemasan rapi dan pengiriman cepat.,positif
Sangat nyaman digunakan sehari-hari.,positif
Tidak sesuai dengan gambar di iklan.,negatif
Barang diterima dengan cepat dan dalam kondisi baik.,positif
Harga terjangkau dengan kualitas baik.,positif
"Desainnya menarik, tapi bahan kurang nyaman.",negatif
Pelayanan pelanggan sangat buruk dan tidak membantu.,negatif
Saya sangat puas dengan pembelian ini.,positif
"Kualitasnya sangat buruk, tidak sesuai harapan.",negatif
Harga terjangkau dengan kualitas baik.,positif
"Garansi tidak sesuai janji, sangat mengecewakan.",negatif
Pengemasan rapi dan pengiriman cepat.,positif
Penjual sangat responsif dan membantu.,positif
Saya sangat puas dengan pembelian ini.,positif
Pengemasan rapi dan pengiriman cepat.,positif
Pelayanan pelanggan sangat buruk dan tidak membantu.,negatif
"Kualitasnya sangat buruk, tidak sesuai harapan.",negatif
"Barang sesuai deskripsi, kualitas oke.",positif
"Barang sesuai deskripsi, kualitas oke.",positif
"Barang tidak sesuai pesanan, sangat kecewa.",negatif
Penjual sangat responsif dan membantu.,positif
Barang diterima dengan cepat dan dalam kondisi baik.,positif
"Barang rusak saat tiba, tidak bisa dipakai.",negatif
"Barang rusak saat tiba, tidak bisa dipakai.",negatif
"Bau bahan sangat menyengat, tidak nyaman.",negatif
Harga terjangkau dengan kualitas baik.,positif
Barang diterima dengan cepat dan dalam kondisi baik.,positif
"Garansi tidak sesuai janji, sangat mengecewakan.",negatif
Penjual sangat responsif dan membantu.,positif
Saya sangat puas dengan pembelian ini.,positif
"Produk cacat saat diterima, sangat mengecewakan.",negatif
"Bau bahan sangat menyengat, tidak nyaman.",negatif
"Desainnya menarik, tapi bahan kurang nyaman.",negatif
"Barang sesuai deskripsi, kualitas oke.",positif
Harganya terlalu mahal untuk kualitas seperti ini.,negatif
"Barang tidak sesuai pesanan, sangat kecewa.",negatif
"Barang sesuai deskripsi, kualitas oke.",positif
"Produk cacat saat diterima, sangat mengecewakan.",negatif
"Kualitasnya sangat buruk, tidak sesuai harapan.",negatif
"Produk cacat saat diterima, sangat mengecewakan.",negatif
"Barang tidak sesuai pesanan, sangat kecewa.",negatif
"Barang rusak saat tiba, tidak bisa dipakai.",negatif
Harganya terlalu mahal untuk kualitas seperti ini.,negatif
Sangat nyaman digunakan sehari-hari.,positif
"Barang tidak sesuai pesanan, sangat kecewa.",negatif
"Desainnya menarik, tapi bahan kurang nyaman.",negatif
Pelayanan pelanggan sangat buruk dan tidak membantu.,negatif
"Produk cacat saat diterima, sangat mengecewakan.",negatif
Penjual sangat responsif dan membantu.,positif
Sangat nyaman digunakan sehari-hari.,positif
Harganya terlalu mahal untuk kualitas seperti ini.,negatif
Sangat membantu dalam aktivitas sehari-hari.,positif
Saya sangat puas dengan pembelian ini.,positif
Tidak sesuai dengan gambar di iklan.,negatif
Harganya terlalu mahal untuk kualitas seperti ini.,negatif
Saya sangat puas dengan pembelian ini.,positif
Harganya terlalu mahal untuk kualitas seperti ini.,negatif
"Barang tidak sesuai pesanan, sangat kecewa.",negatif
Barang diterima dengan cepat dan dalam kondisi baik.,positif
"Bau bahan sangat menyengat, tidak nyaman.",negatif
Pengemasan rapi dan pengiriman cepat.,positif
Produk ini sangat bagus dan berkualitas!,positif
"Bau bahan sangat menyengat, tidak nyaman.",negatif
Pelayanan pelanggan sangat buruk dan tidak membantu.,negatif
"Garansi tidak sesuai janji, sangat mengecewakan.",negatif
"Bau bahan sangat menyengat, tidak nyaman.",negatif
"Desainnya menarik, tapi bahan kurang nyaman.",negatif
Tidak sesuai dengan gambar di iklan.,negatif
"Produk cacat saat diterima, sangat mengecewakan.",negatif
Sangat membantu dalam aktivitas sehari-hari.,positif
"Bau bahan sangat menyengat, tidak nyaman.",negatif
"Produk cacat saat diterima, sangat mengecewakan.",negatif
"Desainnya menarik, tapi bahan kurang nyaman.",negatif
Sangat membantu dalam aktivitas sehari-hari.,positif
Harga terjangkau dengan kualitas baik.,positif
"Barang rusak saat tiba, tidak bisa dipakai.",negatif
"Kualitasnya sangat buruk, tidak sesuai harapan.",negatif
Sangat nyaman digunakan sehari-hari.,positif
Tidak sesuai dengan gambar di iklan.,negatif
Barang diterima dengan cepat dan dalam kondisi baik.,positif
Produk ini sangat bagus dan berkualitas!,positif
"Desainnya menarik, tapi bahan kurang nyaman.",negatif
Tidak sesuai dengan gambar di iklan.,negatif
"Barang rusak saat tiba, tidak bisa dipakai.",negatif
"Barang tidak sesuai pesanan, sangat kecewa.",negatif
Produk ini sangat bagus dan berkualitas!,positif
Sangat direkomendasikan! Saya akan beli lagi.,positif
Barang diterima dengan cepat dan dalam kondisi baik.,positif
"Barang sesuai deskripsi, kualitas oke.",positif
"Barang sesuai deskripsi, kualitas oke.",positif
"Garansi tidak sesuai janji, sangat mengecewakan.",negatif
"Garansi tidak sesuai janji, sangat mengecewakan.",negatif
"Bau bahan sangat menyengat, tidak nyaman.",negatif
Produk ini sangat bagus dan berkualitas!,positif
Harga terjangkau dengan kualitas baik.,positif
"Garansi tidak sesuai janji, sangat mengecewakan.",negatif
Sangat direkomendasikan! Saya akan beli lagi.,positif
Tidak sesuai dengan gambar di iklan.,negatif
Penjual sangat responsif dan membantu.,positif
"Barang sesuai deskripsi, kualitas oke.",positif
Harganya terlalu mahal untuk kualitas seperti ini.,negatif
"Bau bahan sangat menyengat, tidak nyaman.",negatif
Tidak sesuai dengan gambar di iklan.,negatif
"Garansi tidak sesuai janji, sangat mengecewakan.",negatif
"Barang rusak saat tiba, tidak bisa dipakai.",negatif
"Bau bahan sangat menyengat, tidak nyaman.",negatif
Sangat membantu dalam aktivitas sehari-hari.,positif
"Kualitasnya sangat buruk, tidak sesuai harapan.",negatif
Pengemasan rapi dan pengiriman cepat.,positif
"Desainnya menarik, tapi bahan kurang nyaman.",negatif
Sangat direkomendasikan! Saya akan beli lagi.,positif
"Barang sesuai deskripsi, kualitas oke.",positif
Harga terjangkau dengan kualitas baik.,positif
"Garansi tidak sesuai janji, sangat mengecewakan.",negatif
"Barang rusak saat tiba, tidak bisa dipakai.",negatif
Tidak sesuai dengan gambar di iklan.,negatif
"Barang sesuai deskripsi, kualitas oke.",positif
Harga terjangkau dengan kualitas baik.,positif
"Barang sesuai deskripsi, kualitas oke.",positif
Sangat direkomendasikan! Saya akan beli lagi.,positif
Barang diterima dengan cepat dan dalam kondisi baik.,positif
"Desainnya menarik, tapi bahan kurang nyaman.",negatif
"Barang sesuai deskripsi, kualitas oke.",positif
"Barang sesuai deskripsi, kualitas oke.",positif
Tidak sesuai dengan gambar di iklan.,negatif
"Barang sesuai deskripsi, kualitas oke.",positif
"Barang tidak sesuai pesanan, sangat kecewa.",negatif
Produk ini sangat bagus dan berkualitas!,positif
"Produk cacat saat diterima, sangat mengecewakan.",negatif
Sangat nyaman digunakan sehari-hari.,positif
Harga terjangkau dengan kualitas baik.,positif
"Barang rusak saat tiba, tidak bisa dipakai.",negatif
"Kualitasnya sangat buruk, tidak sesuai harapan.",negatif
"Garansi tidak sesuai janji, sangat mengecewakan.",negatif
Barang diterima dengan cepat dan dalam kondisi baik.,positif
"Kualitasnya sangat buruk, tidak sesuai harapan.",negatif
Harga terjangkau dengan kualitas baik.,positif
Tidak sesuai dengan gambar di iklan.,negatif
Harga terjangkau dengan kualitas baik.,positif
"Kualitasnya sangat buruk, tidak sesuai harapan.",negatif
"Desainnya menarik, tapi bahan kurang nyaman.",negatif
Saya sangat puas dengan pembelian ini.,positif
"Produk cacat saat diterima, sangat mengecewakan.",negatif
"Barang tidak sesuai pesanan, sangat kecewa.",negatif
Sangat direkomendasikan! Saya akan beli lagi.,positif
"Desainnya menarik, tapi bahan kurang nyaman.",negatif
"Bau bahan sangat menyengat, tidak nyaman.",negatif
"Kualitasnya sangat buruk, tidak sesuai harapan.",negatif
Barang diterima dengan cepat dan dalam kondisi baik.,positif
Saya sangat puas dengan pembelian ini.,positif
Produk ini sangat bagus dan berkualitas!,positif
Penjual sangat responsif dan membantu.,positif
"Bau bahan sangat menyengat, tidak nyaman.",negatif
Harganya terlalu mahal untuk kualitas seperti ini.,negatif
Pengemasan rapi dan pengiriman cepat.,positif
Penjual sangat responsif dan membantu.,positif
Barang diterima dengan cepat dan dalam kondisi baik.,positif
Pengemasan rapi dan pengiriman cepat.,positif
Harganya terlalu mahal untuk kualitas seperti ini.,negatif
Pengemasan rapi dan pengiriman cepat.,positif
"Barang rusak saat tiba, tidak bisa dipakai.",negatif
"Desainnya menarik, tapi bahan kurang nyaman.",negatif
Sangat direkomendasikan! Saya akan beli lagi.,positif
"Garansi tidak sesuai janji, sangat mengecewakan.",negatif
"Produk cacat saat diterima, sangat mengecewakan.",negatif
"Barang sesuai deskripsi, kualitas oke.",positif
Harganya terlalu mahal untuk kualitas seperti ini.,negatif
Harganya terlalu mahal untuk kualitas seperti ini.,negatif
Harganya terlalu mahal untuk kualitas seperti ini.,negatif
Harga terjangkau dengan kualitas baik.,positif
Pelayanan pelanggan sangat buruk dan tidak membantu.,negatif
Produk ini sangat bagus dan berkualitas!,positif
"Barang tidak sesuai pesanan, sangat kecewa.",negatif
Saya sangat puas dengan pembelian ini.,positif
"Garansi tidak sesuai janji, sangat mengecewakan.",negatif
"Barang tidak sesuai pesanan, sangat kecewa.",negatif
Produk ini sangat bagus dan berkualitas!,positif
Harganya terlalu mahal untuk kualitas seperti ini.,negatif
Pengemasan rapi dan pengiriman cepat.,positif
Saya sangat puas dengan pembelian ini.,positif
Penjual sangat responsif dan membantu.,positif
Pelayanan pelanggan sangat buruk dan tidak membantu.,negatif
Sangat membantu dalam aktivitas sehari-hari.,positif
Produk ini sangat bagus dan berkualitas!,positif
Penjual sangat responsif dan membantu.,positif
"Barang tidak sesuai pesanan, sangat kecewa.",negatif
Penjual sangat responsif dan membantu.,positif
Tidak sesuai dengan gambar di iklan.,negatif
Penjual sangat responsif dan membantu.,positif
Pelayanan pelanggan sangat buruk dan tidak membantu.,negatif
"Barang tidak sesuai pesanan, sangat kecewa.",negatif
Sangat direkomendasikan! Saya akan beli lagi.,positif
"Barang rusak saat tiba, tidak bisa dipakai.",negatif
Sangat nyaman digunakan sehari-hari.,positif
Pengemasan rapi dan pengiriman cepat.,positif
Saya sangat puas dengan pembelian ini.,positif
"Desainnya menarik, tapi bahan kurang nyaman.",negatif
Pelayanan pelanggan sangat buruk dan tidak membantu.,negatif
Harganya terlalu mahal untuk kualitas seperti ini.,negatif
Sangat nyaman digunakan sehari-hari.,positif
"Produk cacat saat diterima, sangat mengecewakan.",negatif
"Desainnya menarik, tapi bahan kurang nyaman.",negatif
Barang diterima dengan cepat dan dalam kondisi baik.,positif
Sangat direkomendasikan! Saya akan beli lagi.,positif
"Garansi tidak sesuai janji, sangat mengecewakan.",negatif
Sangat nyaman digunakan sehari-hari.,positif
"Barang tidak sesuai pesanan, sangat kecewa.",negatif
Sangat direkomendasikan! Saya akan beli lagi.,positif
Sangat nyaman digunakan sehari-hari.,positif
Sangat nyaman digunakan sehari-hari.,positif
"Desainnya menarik, tapi bahan kurang nyaman.",negatif
"Barang tidak sesuai pesanan, sangat kecewa.",negatif
"Produk cacat saat diterima, sangat mengecewakan.",negatif
Barang diterima dengan cepat dan dalam kondisi baik.,positif
Produk ini sangat bagus dan berkualitas!,positif
Sangat direkomendasikan! Saya akan beli lagi.,positif
"Kualitasnya sangat buruk, tidak sesuai harapan.",negatif
Produk ini sangat bagus dan berkualitas!,positif
Harga terjangkau dengan kualitas baik.,positif
Saya sangat puas dengan pembelian ini.,positif
Saya sangat puas dengan pembelian ini.,positif
"Kualitasnya sangat buruk, tidak sesuai harapan.",negatif
Penjual sangat responsif dan membantu.,positif
"Produk cacat saat diterima, sangat mengecewakan.",negatif
"Barang tidak sesuai pesanan, sangat kecewa.",negatif
"Kualitasnya sangat buruk, tidak sesuai harapan.",negatif
Pelayanan pelanggan sangat buruk dan tidak membantu.,negatif
Penjual sangat responsif dan membantu.,positif
Penjual sangat responsif dan membantu.,positif
"Garansi tidak sesuai janji, sangat mengecewakan.",negatif
Tidak sesuai dengan gambar di iklan.,negatif
Tidak sesuai dengan gambar di iklan.,negatif
Pelayanan pelanggan sangat buruk dan tidak membantu.,negatif
Penjual sangat responsif dan membantu.,positif
"Kualitasnya sangat buruk, tidak sesuai harapan.",negatif
"Kualitasnya sangat buruk, tidak sesuai harapan.",negatif
"Garansi tidak sesuai janji, sangat mengecewakan.",negatif
Pelayanan pelanggan sangat buruk dan tidak membantu.,negatif
"Desainnya menarik, tapi bahan kurang nyaman.",negatif
"Barang sesuai deskripsi, kualitas oke.",positif
Produk ini sangat bagus dan berkualitas!,positif
"Bau bahan sangat menyengat, tidak nyaman.",negatif
Penjual sangat responsif dan membantu.,positif
Sangat direkomendasikan! Saya akan beli lagi.,positif
Pelayanan pelanggan sangat buruk dan tidak membantu.,negatif
"Barang sesuai deskripsi, kualitas oke.",positif
"Desainnya menarik, tapi bahan kurang nyaman.",negatif
Pelayanan pelanggan sangat buruk dan tidak membantu.,negatif
Produk ini sangat bagus dan berkualitas!,positif
"Barang tidak sesuai pesanan, sangat kecewa.",negatif
Harganya terlalu mahal untuk kualitas seperti ini.,negatif
Produk ini sangat bagus dan berkualitas!,positif
Harganya terlalu mahal untuk kualitas seperti ini.,negatif
"Garansi tidak sesuai janji, sangat mengecewakan.",negatif
Sangat nyaman digunakan sehari-hari.,positif
"Produk cacat saat diterima, sangat mengecewakan.",negatif
Pelayanan pelanggan sangat buruk dan tidak membantu.,negatif
Barang diterima dengan cepat dan dalam kondisi baik.,positif
Sangat nyaman digunakan sehari-hari.,positif
Pengemasan rapi dan pengiriman cepat.,positif
Harga terjangkau dengan kualitas baik.,positif
"Barang rusak saat tiba, tidak bisa dipakai.",negatif
"Barang rusak saat tiba, tidak bisa dipakai.",negatif
"Barang rusak saat tiba, tidak bisa dipakai.",negatif
"Garansi tidak sesuai janji, sangat mengecewakan.",negatif
Tidak sesuai dengan gambar di iklan.,negatif
Pengemasan rapi dan pengiriman cepat.,positif
Sangat direkomendasikan! Saya akan beli lagi.,positif
"Desainnya menarik, tapi bahan kurang nyaman.",negatif
Tidak sesuai dengan gambar di iklan.,negatif
"Kualitasnya sangat buruk, tidak sesuai harapan.",negatif
Penjual sangat responsif dan membantu.,positif
"Bau bahan sangat menyengat, tidak nyaman.",negatif
"Barang tidak sesuai pesanan, sangat kecewa.",negatif
"Barang rusak saat tiba, tidak bisa dipakai.",negatif
Pelayanan pelanggan sangat buruk dan tidak membantu.,negatif
Sangat nyaman digunakan sehari-hari.,positif
Penjual sangat responsif dan membantu.,positif
Sangat nyaman digunakan sehari-hari.,positif
"Bau bahan sangat menyengat, tidak nyaman.",negatif
Sangat membantu dalam aktivitas sehari-hari.,positif
Pelayanan pelanggan sangat buruk dan tidak membantu.,negatif
Pelayanan pelanggan sangat buruk dan tidak membantu.,negatif
"Produk cacat saat diterima, sangat mengecewakan.",negatif
Sangat nyaman digunakan sehari-hari.,positif
"Barang rusak saat tiba, tidak bisa dipakai.",negatif
Pelayanan pelanggan sangat buruk dan tidak membantu.,negatif
Produk ini sangat bagus dan berkualitas!,positif
"Barang sesuai deskripsi, kualitas oke.",positif
Sangat direkomendasikan! Saya akan beli lagi.,positif
"Barang sesuai deskripsi, kualitas oke.",positif
"Barang sesuai deskripsi, kualitas oke.",positif
"Garansi tidak sesuai janji, sangat mengecewakan.",negatif
Tidak sesuai dengan gambar di iklan.,negatif
Tidak sesuai dengan gambar di iklan.,negatif
Harga terjangkau dengan kualitas baik.,positif
Harga terjangkau dengan kualitas baik.,positif
Barang diterima dengan cepat dan dalam kondisi baik.,positif
"Desainnya menarik, tapi bahan kurang nyaman.",negatif
Barang diterima dengan cepat dan dalam kondisi baik.,positif
"Produk cacat saat diterima, sangat mengecewakan.",negatif
Tidak sesuai dengan gambar di iklan.,negatif
Tidak sesuai dengan gambar di iklan.,negatif
Saya sangat puas dengan pembelian ini.,positif
"Garansi tidak sesuai janji, sangat mengecewakan.",negatif
Saya sangat puas dengan pembelian ini.,positif
Sangat nyaman digunakan sehari-hari.,positif
Pelayanan pelanggan sangat buruk dan tidak membantu.,negatif
"Kualitasnya sangat buruk, tidak sesuai harapan.",negatif
Produk ini sangat bagus dan berkualitas!,positif
Barang diterima dengan cepat dan dalam kondisi baik.,positif
Sangat membantu dalam aktivitas sehari-hari.,positif
Harga terjangkau dengan kualitas baik.,positif
Produk ini sangat bagus dan berkualitas!,positif
Sangat nyaman digunakan sehari-hari.,positif
Pelayanan pelanggan sangat buruk dan tidak membantu.,negatif
"Barang tidak sesuai pesanan, sangat kecewa.",negatif
"Barang sesuai deskripsi, kualitas oke.",positif
Sangat nyaman digunakan sehari-hari.,positif
Harga terjangkau dengan kualitas baik.,positif
"Barang rusak saat tiba, tidak bisa dipakai.",negatif
Tidak sesuai dengan gambar di iklan.,negatif
"Bau bahan sangat menyengat, tidak nyaman.",negatif
"Barang rusak saat tiba, tidak bisa dipakai.",negatif
"Barang sesuai deskripsi, kualitas oke.",positif
"Produk cacat saat diterima, sangat mengecewakan.",negatif
"Garansi tidak sesuai janji, sangat mengecewakan.",negatif
"Desainnya menarik, tapi bahan kurang nyaman.",negatif
Barang diterima dengan cepat dan dalam kondisi baik.,positif
"Produk cacat saat diterima, sangat mengecewakan.",negatif
Sangat direkomendasikan! Saya akan beli lagi.,positif
"Barang sesuai deskripsi, kualitas oke.",positif
Sangat nyaman digunakan sehari-hari.,positif
Tidak sesuai dengan gambar di iklan.,negatif
"Barang tidak sesuai pesanan, sangat kecewa.",negatif
Saya sangat puas dengan pembelian ini.,positif
Penjual sangat responsif dan membantu.,positif
Sangat direkomendasikan! Saya akan beli lagi.,positif
Sangat direkomendasikan! Saya akan beli lagi.,positif
"Barang rusak saat tiba, tidak bisa dipakai.",negatif
Produk ini sangat bagus dan berkualitas!,positif
Pengemasan rapi dan pengiriman cepat.,positif
"Barang tidak sesuai pesanan, sangat kecewa.",negatif
